SNO,NAME OF COMPANY,SYMBOL
1,Nifty,^NSEI
2,20 Microns Limited,20MICRONS
3,21st Century Management Services Limited,21STCENMGM
4,3i Infotech Limited,3IINFOTECH
5,3M India Limited,3MINDIA
6,3P Land Holdings Limited,3PLAND
7,5Paisa Capital Limited,5PAISA
8,63 moons technologies limited,63MOONS
9,A2Z Infra Engineering Limited,A2ZINFRA
10,Aarti Drugs Limited,AARTIDRUGS
11,Aarti Industries Limited,AARTIIND
12,Aarvee Denims & Exports Limited,AARVEEDEN
13,Aavas Financiers Limited,AAVAS
14,Aban Offshore Limited,ABAN
15,ABB India Limited,ABB
16,Abbott India Limited,ABBOTINDIA
17,Aditya Birla Capital Limited,ABCAPITAL
18,Aditya Birla Fashion and Retail Limited,ABFRL
19,ABM International Limited,ABMINTLTD
20,ACC Limited,ACC
21,Accelya Solutions India Limited,ACCELYA
22,Action Construction Equipment Limited,ACE
23,Adani Enterprises Limited,ADANIENT
24,Adani Gas Limited,ADANIGAS
25,Adani Green Energy Limited,ADANIGREEN
26,Adani Ports and Special Economic Zone Limited,ADANIPORTS
27,Adani Power Limited,ADANIPOWER
28,Adani Transmission Limited,ADANITRANS
29,ADF Foods Limited,ADFFOODS
30,Adhunik Metaliks Limited,ADHUNIK
31,Adhunik Industries Limited,ADHUNIKIND
32,Adlabs Entertainment Limited,ADLABS
33,Ador Welding Limited,ADORWELD
34,Adroit Infotech Limited,ADROITINFO
35,Allied Digital Services Limited,ADSL
36,Advani Hotels & Resorts (India) Limited,ADVANIHOTR
37,Advanced Enzyme Technologies Limited,ADVENZYMES
38,Aegis Logistics Limited,AEGISCHEM
39,Affle (India) Limited,AFFLE
40,Agarwal Industrial Corporation Limited,AGARIND
41,AGC Networks Limited,AGCNET
42,Agri-Tech (India) Limited,AGRITECH
43,Agro Phos India Limited,AGROPHOS
44,Asian Hotels (East) Limited,AHLEAST
45,Ahluwalia Contracts (India) Limited,AHLUCONT
46,Asian Hotels (West) Limited,AHLWEST
47,AIA Engineering Limited,AIAENG
48,Monnet Ispat & Energy Limited,AIONJSW
49,Airan Limited,AIRAN
50,Ajanta Pharma Limited,AJANTPHARM
51,Ajmera Realty & Infra India Limited,AJMERA
52,Akash Infra-Projects Limited,AKASH
53,AksharChem India Limited,AKSHARCHEM
54,Aksh Optifibre Limited,AKSHOPTFBR
55,Akzo Nobel India Limited,AKZOINDIA
56,Alankit Limited,ALANKIT
57,Albert David Limited,ALBERTDAVD
58,Allahabad Bank,ALBK
59,Alchemist Limited,ALCHEM
60,Alembic Limited,ALEMBICLTD
61,Alicon Castalloy Limited,ALICON
62,Alkali Metals Limited,ALKALI
63,Alkem Laboratories Limited,ALKEM
64,Alkyl Amines Chemicals Limited,ALKYLAMINE
65,Allcargo Logistics Limited,ALLCARGO
66,Allsec Technologies Limited,ALLSEC
67,Almondz Global Securities Limited,ALMONDZ
68,Alok Industries Limited,ALOKTEXT
69,Alpa Laboratories Limited,ALPA
70,Alphageo (India) Limited,ALPHAGEO
71,Alps Industries Limited,ALPSINDUS
72,Amara Raja Batteries Limited,AMARAJABAT
73,Amber Enterprises India Limited,AMBER
74,Ambika Cotton Mills Limited,AMBIKCO
75,Ambuja Cements Limited,AMBUJACEM
76,AMD Industries Limited,AMDIND
77,Amj Land Holdings Limited,AMJLAND
78,Amrutanjan Health Care Limited,AMRUTANJAN
79,Anant Raj Limited,ANANTRAJ
80,Andhra Bank,ANDHRABANK
81,Andhra Cements Limited,ANDHRACEMT
82,The Andhra Sugars Limited,ANDHRSUGAR
83,Anik Industries Limited,ANIKINDS
84,Ankit Metal & Power Limited,ANKITMETAL
85,Ansal Properties & Infrastructure Limited,ANSALAPI
86,Ansal Housing Limited,ANSALHSG
87,Antarctica Limited,ANTGRAPHIC
88,The Anup Engineering Limited,ANUP
89,Apar Industries Limited,APARINDS
90,Anjani Portland Cement Limited,APCL
91,Apcotex Industries Limited,APCOTEXIND
92,Apex Frozen Foods Limited,APEX
93,APL Apollo Tubes Limited,APLAPOLLO
94,Alembic Pharmaceuticals Limited,APLLTD
95,Apollo Micro Systems Limited,APOLLO
96,Apollo Hospitals Enterprise Limited,APOLLOHOSP
97,Apollo Pipes Limited,APOLLOPIPE
98,Apollo Tyres Limited,APOLLOTYRE
99,Apollo Sindoori Hotels Limited,APOLSINHOT
100,Aptech Limited,APTECHT
101,Archidply Industries Limited,ARCHIDPLY
102,Archies Limited,ARCHIES
103,Arcotech Limited,ARCOTECH
104,Rajdarshan Industries Limited,ARENTERP
105,Aries Agro Limited,ARIES
106,Arihant Foundations & Housing Limited,ARIHANT
107,Arihant Superstructures Limited,ARIHANTSUP
108,Arman Financial Services Limited,ARMANFIN
109,Aro Granite Industries Limited,AROGRANITE
110,Arrow Greentech Limited,ARROWGREEN
111,Arrow Textiles Limited,ARROWTEX
112,Arshiya Limited,ARSHIYA
113,ARSS Infrastructure Projects Limited,ARSSINFRA
114,Arvind Limited,ARVIND
115,Arvind Fashions Limited,ARVINDFASN
116,Arvind SmartSpaces Limited,ARVSMART
117,Asahi India Glass Limited,ASAHIINDIA
118,Asahi Songwon Colors Limited,ASAHISONG
119,Automotive Stampings and Assemblies Limited,ASAL
120,Ashapura Minechem Limited,ASHAPURMIN
121,Ashiana Housing Limited,ASHIANA
122,Ashima Limited,ASHIMASYN
123,Ashoka Buildcon Limited,ASHOKA
124,Ashok Leyland Limited,ASHOKLEY
125,Asian Hotels (North) Limited,ASIANHOTNR
126,Asian Paints Limited,ASIANPAINT
127,Asian Granito India Limited,ASIANTILES
128,Aspinwall and Company Limited,ASPINWALL
129,Astec LifeSciences Limited,ASTEC
130,Aster DM Healthcare Limited,ASTERDM
131,Astral Poly Technik Limited,ASTRAL
132,Astra Microwave Products Limited,ASTRAMICRO
133,AstraZeneca Pharma India Limited,ASTRAZEN
134,Astron Paper & Board Mill Limited,ASTRON
135,Agro Tech Foods Limited,ATFL
136,Atlanta Limited,ATLANTA
137,Atlas Cycles (Haryana) Limited,ATLASCYCLE
138,Atul Limited,ATUL
139,Atul Auto Limited,ATULAUTO
140,AU Small Finance Bank Limited,AUBANK
141,Aurionpro Solutions Limited,AURIONPRO
142,Aurobindo Pharma Limited,AUROPHARMA
143,Ausom Enterprise Limited,AUSOMENT
144,Automotive Axles Limited,AUTOAXLES
145,Autoline Industries Limited,AUTOIND
146,Autolite (India) Limited,AUTOLITIND
147,Avadh Sugar & Energy Limited,AVADHSUGAR
148,Avanti Feeds Limited,AVANTIFEED
149,AVT Natural Products Limited,AVTNPL
150,Axis Bank Limited,AXISBANK
151,AXISCADES Engineering Technologies Limited,AXISCADES
152,AYM Syntex Limited,AYMSYNTEX
153,B.A.G Films and Media Limited,BAGFILMS
154,Bajaj Auto Limited,BAJAJ-AUTO
155,Bajaj Consumer Care Limited,BAJAJCON
156,Bajaj Electricals Limited,BAJAJELEC
157,Bajaj Finserv Limited,BAJAJFINSV
158,Bajaj Hindusthan Sugar Limited,BAJAJHIND
159,Bajaj Holdings & Investment Limited,BAJAJHLDNG
160,Bajaj Finance Limited,BAJFINANCE
161,Balaji Telefilms Limited,BALAJITELE
162,Balaji Amines Limited,BALAMINES
163,Balaxi Ventures Limited,BALAXI
164,Balkrishna Paper Mills Limited,BALKRISHNA
165,Balkrishna Industries Limited,BALKRISIND
166,Ballarpur Industries Limited,BALLARPUR
167,Balmer Lawrie & Company Limited,BALMLAWRIE
168,Bal Pharma Limited,BALPHARMA
169,Balrampur Chini Mills Limited,BALRAMCHIN
170,Banaras Beads Limited,BANARBEADS
171,Bannari Amman Sugars Limited,BANARISUG
172,Banco Products (I) Limited,BANCOINDIA
173,Bandhan Bank Limited,BANDHANBNK
174,Bang Overseas Limited,BANG
175,Bank of Baroda,BANKBARODA
176,Bank of India,BANKINDIA
177,Banswara Syntex Limited,BANSWRAS
178,Bartronics India Limited,BARTRONICS
179,BASF India Limited,BASF
180,Bannari Amman Spinning Mills Limited,BASML
181,Bata India Limited,BATAINDIA
182,Bayer Cropscience Limited,BAYERCROP
183,Bharat Bijlee Limited,BBL
184,Bombay Burmah Trading Corporation Limited,BBTC
185,Brightcom Group Limited,BCG
186,B.C. Power Controls Ltd,BCP
187,Bharat Dynamics Limited,BDL
188,Beardsell Limited,BEARDSELL
189,Bedmutha Industries Limited,BEDMUTHA
190,Bharat Electronics Limited,BEL
191,BEML Limited,BEML
192,Bhansali Engineering Polymers Limited,BEPL
193,Berger Paints (I) Limited,BERGEPAINT
194,BF Investment Limited,BFINVEST
195,BF Utilities Limited,BFUTILITIE
196,Bharatiya Global Infomedia Limited,BGLOBAL
197,BGR Energy Systems Limited,BGRENERGY
198,Bhageria Industries Limited,BHAGERIA
199,Bhagyanagar India Limited,BHAGYANGR
200,Bhagyanagar Properties Limited,BHAGYAPROP
201,Bhandari Hosiery Exports Limited,BHANDARI
202,Bharat Forge Limited,BHARATFORG
203,Bharat Gears Limited,BHARATGEAR
204,Bharat Rasayan Limited,BHARATRAS
205,Bharat Wire Ropes Limited,BHARATWIRE
206,Bharti Airtel Limited,BHARTIARTL
207,Bharat Heavy Electricals Limited,BHEL
208,Bigbloc Construction Limited,BIGBLOC
209,Bhartiya International Limited,BIL
210,Bil Energy Systems Limited,BILENERGY
211,Oswal Chemicals & Fertilizers Limited,BINDALAGRO
212,Biocon Limited,BIOCON
213,Biofil Chemicals & Pharmaceuticals Limited,BIOFILCHEM
214,Birla Cable Limited,BIRLACABLE
215,Birla Corporation Limited,BIRLACORPN
216,Aditya Birla Money Limited,BIRLAMONEY
217,Bkm Industries Limited,BKMINDST
218,BLB Limited,BLBLIMITED
219,Bliss GVS Pharma Limited,BLISSGVS
220,B. L. Kashyap and Sons Limited,BLKASHYAP
221,BLS International Services Limited,BLS
222,Blue Blends (I) Limited,BLUEBLENDS
223,Blue Coast Hotels Limited,BLUECOAST
224,Blue Dart Express Limited,BLUEDART
225,Blue Star Limited,BLUESTARCO
226,Bodal Chemicals Limited,BODALCHEM
227,Bombay Dyeing & Mfg Company Limited,BOMDYEING
228,Borosil Glass Works Limited,BOROSIL
229,Bosch Limited,BOSCHLTD
230,Bharat Petroleum Corporation Limited,BPCL
231,BPL Limited,BPL
232,Bombay Rayon Fashions Limited,BRFL
233,Brigade Enterprises Limited,BRIGADE
234,Britannia Industries Limited,BRITANNIA
235,Bharat Road Network Limited,BRNL
236,Brooks Laboratories Limited,BROOKS
237,BSE Limited,BSE
238,BSEL Infrastructure Realty Limited,BSELINFRA
239,BSL Limited,BSL
240,BIRLASOFT LIMITED,BSOFT
241,Burnpur Cement Limited,BURNPUR
242,Butterfly Gandhimathi Appliances Limited,BUTTERFLY
243,Barak Valley Cements Limited,BVCL
244,The Byke Hospitality Ltd,BYKE
245,Cadila Healthcare Limited,CADILAHC
246,California Software Company Limited,CALSOFT
247,Camlin Fine Sciences Limited,CAMLINFINE
248,Canara Bank,CANBK
249,C & C Constructions Limited,CANDC
250,Can Fin Homes Limited,CANFINHOME
251,Cantabil Retail India Limited,CANTABIL
252,Capacitâe Infraprojects Limited,CAPACITE
253,Caplin Point Laboratories Limited,CAPLIPOINT
254,Capital Trust Limited,CAPTRUST
255,Carborundum Universal Limited,CARBORUNIV
256,Career Point Limited,CAREERP
257,CARE Ratings Limited,CARERATING
258,Castex Technologies Limited,CASTEXTECH
259,Castrol India Limited,CASTROLIND
260,Country Club Hospitality & Holidays Limited,CCHHL
261,CCL Products (India) Limited,CCL
262,Central Depository Services (India) Limited,CDSL
263,CEAT Limited,CEATLTD
264,Commercial Engineers & Body Builders Co Limited,CEBBCO
265,Celebrity Fashions Limited,CELEBRITY
266,Celestial Biolabs Limited,CELESTIAL
267,Century Enka Limited,CENTENKA
268,Century Extrusions Limited,CENTEXT
269,Central Bank of India,CENTRALBK
270,Centrum Capital Limited,CENTRUM
271,Centum Electronics Limited,CENTUM
272,Century Plyboards (India) Limited,CENTURYPLY
273,Century Textiles & Industries Limited,CENTURYTEX
274,Cera Sanitaryware Limited,CERA
275,Cerebra Integrated Technologies Limited,CEREBRAINT
276,CESC Limited,CESC
277,CESC Ventures Limited,CESCVENT
278,Capri Global Capital Limited,CGCL
279,CG Power and Industrial Solutions Limited,CGPOWER
280,Chalet Hotels Limited,CHALET
281,Chambal Fertilizers & Chemicals Limited,CHAMBLFERT
282,Chemfab Alkalis Limited,CHEMFAB
283,Chennai Petroleum Corporation Limited,CHENNPETRO
284,Cholamandalam Investment and Finance Company Limited,CHOLAFIN
285,Cholamandalam Financial Holdings Limited,CHOLAHLDNG
286,Chromatic India Limited,CHROMATIC
287,Cigniti Technologies Limited,CIGNITITEC
288,Cimmco Limited,CIMMCO
289,Cineline India Limited,CINELINE
290,Cinevista Limited,CINEVISTA
291,Cipla Limited,CIPLA
292,Cox & Kings Financial Service Limited,CKFSL
293,CL Educate Limited,CLEDUCATE
294,Clariant Chemicals (India) Limited,CLNINDIA
295,CMI Limited,CMICABLES
296,CIL Nova Petrochemicals Limited,CNOVAPETRO
297,Coal India Limited,COALINDIA
298,Cochin Shipyard Limited,COCHINSHIP
299,Coffee Day Enterprises Limited,COFFEEDAY
300,Colgate Palmolive (India) Limited,COLPAL
301,Compuage Infocom Limited,COMPINFO
302,Compucom Software Limited,COMPUSOFT
303,Container Corporation of India Limited,CONCOR
304,Confidence Petroleum India Limited,CONFIPET
305,Consolidated Finvest & Holdings Limited,CONSOFINVT
306,Control Print Limited,CONTROLPR
307,Coral India Finance & Housing Limited,CORALFINAC
308,Cords Cable Industries Limited,CORDSCABLE
309,Coromandel International Limited,COROMANDEL
310,Corporation Bank,CORPBANK
311,Cosmo Films Limited,COSMOFILMS
312,Country Condoâs Limited,COUNCODOS
313,Cox & Kings Limited,COX&KINGS
314,Creative Peripherals and Distribution Limited,CREATIVE
315,Creative Eye Limited,CREATIVEYE
316,CREDITACCESS GRAMEEN LIMITED,CREDITACC
317,Crest Ventures Limited,CREST
318,CRISIL Limited,CRISIL
319,Crompton Greaves Consumer Electricals Limited,CROMPTON
320,Cambridge Technology Enterprises Limited,CTE
321,City Union Bank Limited,CUB
322,Cubex Tubings Limited,CUBEXTUB
323,Cummins India Limited,CUMMINSIND
324,Cupid Limited,CUPID
325,Cura Technologies Limited,CURATECH
326,Cyber Media (India) Limited,CYBERMEDIA
327,Cybertech Systems And Software Limited,CYBERTECH
328,Cyient Limited,CYIENT
329,LT Foods Limited,DAAWAT
330,Dabur India Limited,DABUR
331,Dalmia Bharat Limited,DALBHARAT
332,Dalmia Bharat Sugar and Industries Limited,DALMIASUG
333,Damodar Industries Limited,DAMODARIND
334,Datamatics Global Services Limited,DATAMATICS
335,D.B.Corp Limited,DBCORP
336,Dilip Buildcon Limited,DBL
337,D B Realty Limited,DBREALTY
338,DB (International) Stock Brokers Limited,DBSTOCKBRO
339,Dishman Carbogen Amcis Limited,DCAL
340,DCB Bank Limited,DCBBANK
341,DCM Limited,DCM
342,DCM Financial Services Limited,DCMFINSERV
343,DCM Nouvelle Limited,DCMNVL
344,DCM Shriram Limited,DCMSHRIRAM
345,DCW Limited,DCW
346,Deccan Cements Limited,DECCANCE
347,Deepak Fertilizers and Petrochemicals Corporation Limited,DEEPAKFERT
348,Deepak Nitrite Limited,DEEPAKNTR
349,Deep Industries Limited,DEEPIND
350,Delta Corp Limited,DELTACORP
351,Delta Magnets Limited,DELTAMAGNT
352,Den Networks Limited,DEN
353,De Nora India Limited,DENORA
354,DFM Foods Limited,DFMFOODS
355,Digicontent Limited,DGCONTENT
356,Dhampur Sugar Mills Limited,DHAMPURSUG
357,Dhanlaxmi Bank Limited,DHANBANK
358,Dhanuka Agritech Limited,DHANUKA
359,Dharani Sugars & Chemicals Limited,DHARSUGAR
360,Dewan Housing Finance Corporation Limited,DHFL
361,Dhunseri Investments Limited,DHUNINV
362,Prataap Snacks Limited,DIAMONDYD
363,Diamond Power Infra Ltd,DIAPOWER
364,DIC India Limited,DICIND
365,DiGiSPICE Technologies Limited,DIGISPICE
366,Digjam Limited,DIGJAMLTD
367,Dish TV India Limited,DISHTV
368,Diviâs Laboratories Limited,DIVISLAB
369,Dixon Technologies (India) Limited,DIXON
370,DLF Limited,DLF
371,D-Link (India) Limited,DLINKINDIA
372,Avenue Supermarts Limited,DMART
373,Diligent Media Corporation Limited,DNAMEDIA
374,Dolat Investments Limited,DOLAT
375,Dollar Industries Limited,DOLLAR
376,Donear Industries Limited,DONEAR
377,DPSC Limited,DPSCLTD
378,DQ Entertainment (International) Limited,DQE
379,Dredging Corporation of India Limited,DREDGECORP
380,Dr. Reddyâs Laboratories Limited,DRREDDY
381,Dynacons Systems & Solutions Limited,DSSL
382,Dhunseri Tea & Industries Limited,DTIL
383,Ducon Infratechnologies Limited,DUCON
384,Dhunseri Ventures Limited,DVL
385,Dwarikesh Sugar Industries Limited,DWARKESH
386,Dynamatic Technologies Limited,DYNAMATECH
387,Dynemic Products Limited,DYNPRO
388,Eastern Silk Industries Limited,EASTSILK
389,Easun Reyrolle Limited,EASUNREYRL
390,eClerx Services Limited,ECLERX
391,Edelweiss Financial Services Limited,EDELWEISS
392,Empee Distilleries Limited,EDL
393,Educomp Solutions Limited,EDUCOMP
394,Eicher Motors Limited,EICHERMOT
395,EID Parry India Limited,EIDPARRY
396,EIH Associated Hotels Limited,EIHAHOTELS
397,EIH Limited,EIHOTEL
398,Eimco Elecon (India) Limited,EIMCOELECO
399,Everest Kanto Cylinder Limited,EKC
400,Elecon Engineering Company Limited,ELECON
401,Electrosteel Castings Limited,ELECTCAST
402,Electrotherm (India) Limited,ELECTHERM
403,Elgi Equipments Limited,ELGIEQUIP
404,Elgi Rubber Company Limited,ELGIRUBCO
405,Emami Limited,EMAMILTD
406,Emami Paper Mills Limited,EMAMIPAP
407,Emami Realty Limited,EMAMIREAL
408,Emco Limited,EMCO
409,Emkay Global Financial Services Limited,EMKAY
410,Emmbi Industries Limited,EMMBI
411,Endurance Technologies Limited,ENDURANCE
412,Energy Development Company Limited,ENERGYDEV
413,Engineers India Limited,ENGINERSIN
414,Entertainment Network (India) Limited,ENIL
415,Eon Electric Limited,EON
416,Equitas Holdings Limited,EQUITAS
417,Eris Lifesciences Limited,ERIS
418,Eros International Media Limited,EROSMEDIA
419,Esab India Limited,ESABINDIA
420,Escorts Limited,ESCORTS
421,Essar Shipping Limited,ESSARSHPNG
422,Essel Propack Limited,ESSELPACK
423,Ester Industries Limited,ESTER
424,Euro Ceramics Limited,EUROCERA
425,Euro Multivision Limited,EUROMULTI
426,Eurotex Industries and Exports Limited,EUROTEXIND
427,Eveready Industries India Limited,EVEREADY
428,Everest Industries Limited,EVERESTIND
429,Excel Realty N Infra Limited,EXCEL
430,Excel Industries Limited,EXCELINDUS
431,Exide Industries Limited,EXIDEIND
432,Expleo Solutions Limited,EXPLEOSOL
433,Fertilizers and Chemicals Travancore Limited,FACT
434,Fairchem Speciality Limited,FAIRCHEM
435,Fineotex Chemical Limited,FCL
436,Future Consumer Limited,FCONSUMER
437,FCS Software Solutions Limited,FCSSOFT
438,FDC Limited,FDC
439,The Federal Bank Limited,FEDERALBNK
440,Future Enterprises Limited,FEL
441,Future Enterprises Limited,FELDVR
442,Fiem Industries Limited,FIEMIND
443,Filatex India Limited,FILATEX
444,Finolex Cables Limited,FINCABLES
445,Fine Organic Industries Limited,FINEORG
446,Finolex Industries Limited,FINPIPE
447,Flexituff Ventures International Limited,FLEXITUFF
448,Future Lifestyle Fashions Limited,FLFL
449,Gujarat Fluorochemicals Limited,FLUOROCHEM
450,Federal-Mogul Goetze (India) Limited.,FMGOETZE
451,Future Market Networks Limited,FMNL
452,FORCE MOTORS LTD,FORCEMOT
453,Fortis Healthcare Limited,FORTIS
454,Foseco India Limited,FOSECOIND
455,Future Retail Limited,FRETAIL
456,Future Supply Chain Solutions Limited,FSC
457,Firstsource Solutions Limited,FSL
458,Gabriel India Limited,GABRIEL
459,Gujarat Ambuja Exports Limited,GAEL
460,GAIL (India) Limited,GAIL
461,Gyscoal Alloys Limited,GAL
462,Galaxy Surfactants Limited,GALAXYSURF
463,Gallantt Metal Limited,GALLANTT
464,Gallantt Ispat Limited,GALLISPAT
465,Gammon Infrastructure Projects Limited,GAMMNINFRA
466,Gandhi Special Tubes Limited,GANDHITUBE
467,Ganesha Ecosphere Limited,GANECOS
468,Ganesh Housing Corporation Limited,GANESHHOUC
469,Ganges Securities Limited,GANGESSECU
470,Gangotri Textiles Limited,GANGOTRI
471,Garden Silk Mills Limited,GARDENSILK
472,Garware Technical Fibres Limited,GARFIBRES
473,GATI Limited,GATI
474,Gayatri Highways Limited,GAYAHWS
475,Gayatri Projects Limited,GAYAPROJ
476,Gateway Distriparks Limited,GDL
477,GeeCee Ventures Limited,GEECEE
478,Genesys International Corporation Limited,GENESYS
479,Genus Paper & Boards Limited,GENUSPAPER
480,Genus Power Infrastructures Limited,GENUSPOWER
481,Geojit Financial Services Limited,GEOJITFSL
482,GE Power India Limited,GEPIL
483,The Great Eastern Shipping Company Limited,GESHIP
484,GE T&D India Limited,GET&D
485,GFL Limited,GFLLIMITED
486,GHCL Limited,GHCL
487,GIC Housing Finance Limited,GICHSGFIN
488,General Insurance Corporation of India,GICRE
489,Gillanders Arbuthnot & Company Limited,GILLANDERS
490,Gillette India Limited,GILLETTE
491,Ginni Filaments Limited,GINNIFILA
492,Gujarat Industries Power Company Limited,GIPCL
493,GI Engineering Solutions Limited,GISOLUTION
494,GKW Limited,GKWLIMITED
495,GlaxoSmithKline Pharmaceuticals Limited,GLAXO
496,Glenmark Pharmaceuticals Limited,GLENMARK
497,Gujarat Lease Financing Limited,GLFL
498,Global Vectra Helicorp Limited,GLOBALVECT
499,Global Offshore Services Limited,GLOBOFFS
500,Globus Spirits Limited,GLOBUSSPR
501,GM Breweries Limited,GMBREW
502,Gujarat Mineral Development Corporation Limited,GMDCLTD
503,GMM Pfaudler Limited,GMMPFAUDLR
504,GMR Infrastructure Limited,GMRINFRA
505,GNA Axles Limited,GNA
506,Gujarat Narmada Valley Fertilizers and Chemicals Limited,GNFC
507,Goa Carbon Limited,GOACARBON
508,GOCL Corporation Limited,GOCLCORP
509,Godfrey Phillips India Limited,GODFRYPHLP
510,Godrej Agrovet Limited,GODREJAGRO
511,Godrej Consumer Products Limited,GODREJCP
512,Godrej Industries Limited,GODREJIND
513,Godrej Properties Limited,GODREJPROP
514,Goenka Diamond and Jewels Limited,GOENKA
515,Gokaldas Exports Limited,GOKEX
516,Gokul Refoils and Solvent Limited,GOKUL
517,Gokul Agro Resources Limited,GOKULAGRO
518,Golden Tobacco Limited,GOLDENTOBC
519,Goldiam International Limited,GOLDIAM
520,Goldstone Technologies Limited,GOLDTECH
521,Goodluck India Limited,GOODLUCK
522,Godawari Power And Ispat limited,GPIL
523,Gujarat Pipavav Port Limited,GPPL
524,GPT Infraprojects Limited,GPTINFRA
525,Granules India Limited,GRANULES
526,Graphite India Limited,GRAPHITE
527,Grasim Industries Limited,GRASIM
528,Gravita India Limited,GRAVITA
529,Greaves Cotton Limited,GREAVESCOT
530,Greenlam Industries Limited,GREENLAM
531,Greenpanel Industries Limited,GREENPANEL
532,Greenply Industries Limited,GREENPLY
533,Orient Green Power Company Limited,GREENPOWER
534,Grindwell Norton Limited,GRINDWELL
535,The Grob Tea Company Limited,GROBTEA
536,GRP Limited,GRPLTD
537,Garden Reach Shipbuilders & Engineers Limited,GRSE
538,Gujarat Sidhee Cement Limited,GSCLCEMENT
539,Gujarat State Fertilizers & Chemicals Limited,GSFC
540,GlaxoSmithKline Consumer Healthcare Limited,GSKCONS
541,Gujarat State Petronet Limited,GSPL
542,GSS Infotech Limited,GSS
543,GTL Limited,GTL
544,GTL Infrastructure Limited,GTLINFRA
545,GTN Industries Limited,GTNIND
546,GTN Textiles Limited,GTNTEX
547,GTPL Hathway Limited,GTPL
548,Gufic Biosciences Limited,GUFICBIO
549,Gujarat Alkalies and Chemicals Limited,GUJALKALI
550,Gujarat Apollo Industries Limited,GUJAPOLLO
551,Gujarat Gas Limited,GUJGASLTD
552,Gujarat Raffia Industries Limited,GUJRAFFIA
553,Gulf Oil Lubricants India Limited,GULFOILLUB
554,GP Petroleums Limited,GULFPETRO
555,Gulshan Polyols Limited,GULPOLY
556,GVK Power & Infrastructure Limited,GVKPIL
557,Hindustan Aeronautics Limited,HAL
558,Harita Seating Systems Limited,HARITASEAT
559,Harrisons Malayalam  Limited,HARRMALAYA
560,Hathway Cable & Datacom Limited,HATHWAY
561,Hatsun Agro Product Limited,HATSUN
562,Havells India Limited,HAVELLS
563,Sri Havisha Hospitality and Infrastructure Limited,HAVISHA
564,HBL Power Systems Limited,HBLPOWER
565,HB Stockholdings Limited,HBSL
566,Hindustan Construction Company Limited,HCC
567,Healthcare Global Enterprises Limited,HCG
568,HCL Infosystems Limited,HCL-INSYS
569,HCL Technologies Limited,HCLTECH
570,Housing Development Finance Corporation Limited,HDFC
571,HDFC Asset Management Company Limited,HDFCAMC
572,HDFC Bank Limited,HDFCBANK
573,HDFC Life Insurance Company Limited,HDFCLIFE
574,Housing Development and Infrastructure Limited,HDIL
575,HEG Limited,HEG
576,HeidelbergCement India Limited,HEIDELBERG
577,Hercules Hoists Limited,HERCULES
578,Heritage Foods Limited,HERITGFOOD
579,Hero MotoCorp Limited,HEROMOTOCO
580,Hester Biosciences Limited,HESTERBIO
581,Hexa Tradex Limited,HEXATRADEX
582,Hexaware Technologies Limited,HEXAWARE
583,HFCL Limited,HFCL
584,H.G. Infra Engineering Limited,HGINFRA
585,Hinduja Global Solutions Limited,HGS
586,Hikal Limited,HIKAL
587,HIL Limited,HIL
588,Hilton Metal Forging Limited,HILTON
589,Himatsingka Seide Limited,HIMATSEIDE
590,Hindalco Industries Limited,HINDALCO
591,Hindustan Composites Limited,HINDCOMPOS
592,Hindustan Copper Limited,HINDCOPPER
593,Hindustan Motors Limited,HINDMOTORS
594,Hindusthan National Glass & Industries Limited,HINDNATGLS
595,Hindustan Oil Exploration Company Limited,HINDOILEXP
596,Hindustan Petroleum Corporation Limited,HINDPETRO
597,Hind Syntex Limited,HINDSYNTEX
598,Hindustan Unilever Limited,HINDUNILVR
599,Hindustan Zinc Limited,HINDZINC
600,Hind Rectifiers Limited,HIRECT
601,Hisar Metal Industries Limited,HISARMETAL
602,Hi-Tech Pipes Limited,HITECH
603,Hitech Corporation Limited,HITECHCORP
604,The Hi-Tech Gears Limited,HITECHGEAR
605,HMT Limited,HMT
606,Hindustan Media Ventures Limited,HMVL
607,Hindustan Foods Limited,HNDFDS
608,Honeywell Automation India Limited,HONAUT
609,Honda Siel Power Products Limited,HONDAPOWER
610,Hotel Leela Venture Limited,HOTELEELA
611,Hotel Rugby Limited,HOTELRUGBY
612,HOV Services Limited,HOVS
613,HPL Electric & Power Limited,HPL
614,Himadri Speciality Chemical Limited,HSCL
615,HSIL Limited,HSIL
616,HT Media Limited,HTMEDIA
617,Hubtown Limited,HUBTOWN
618,Housing & Urban Development Corporation Limited,HUDCO
619,Indiabulls Real Estate Limited,IBREALEST
620,Indiabulls Housing Finance Limited,IBULHSGFIN
621,Indiabulls Integrated Services Limited,IBULISL
622,Indiabulls Ventures Limited,IBVENTURES
623,ICICI Bank Limited,ICICIBANK
624,ICICI Lombard General Insurance Company Limited,ICICIGI
625,ICICI Prudential Life Insurance Company Limited,ICICIPRULI
626,Indo Count Industries Limited,ICIL
627,ICRA Limited,ICRA
628,IDBI Bank Limited,IDBI
629,Vodafone Idea Limited,IDEA
630,IDFC Limited,IDFC
631,IDFC First Bank Limited,IDFCFIRSTB
632,Indian Energy Exchange Limited,IEX
633,IFB Agro Industries Limited,IFBAGRO
634,IFB Industries Limited,IFBIND
635,IFCI Limited,IFCI
636,IFGL Refractories Limited,IFGLEXPOR
637,Igarashi Motors India Limited,IGARASHI
638,Indraprastha Gas Limited,IGL
639,IG Petrochemicals Limited,IGPL
640,IIFL Finance Limited,IIFL
641,IIFL Securities Limited,IIFLSEC
642,Iifl Wealth Management Limited,IIFLWAM
643,Industrial Investment Trust Limited,IITL
644,IL&FS Engineering and Construction Company Limited,IL&FSENGG
645,IL&FS Transportation Networks Limited,IL&FSTRANS
646,Indian Metals & Ferro Alloys Limited,IMFA
647,India Motor Parts and Accessories Limited,IMPAL
648,Impex Ferro Tech Limited,IMPEXFERRO
649,Indbank Merchant Banking Services Limited,INDBANK
650,The Indian Hotels Company Limited,INDHOTEL
651,The India Cements Limited,INDIACEM
652,India Glycols Limited,INDIAGLYCO
653,Indiamart Intermesh Limited,INDIAMART
654,Indian Bank,INDIANB
655,Indian Card Clothing Company Limited,INDIANCARD
656,Indian Hume Pipe Company Limited,INDIANHUME
657,InterGlobe Aviation Limited,INDIGO
658,IMP Powers Limited,INDLMETER
659,India Nippon Electricals Limited,INDNIPPON
660,Indoco Remedies Limited,INDOCO
661,Indo Rama Synthetics (India) Limited,INDORAMA
662,Indosolar Limited,INDOSOLAR
663,IndoStar Capital Finance Limited,INDOSTAR
664,Indo Tech Transformers Limited,INDOTECH
665,Indo Thai Securities Limited,INDOTHAI
666,Indowind Energy Limited,INDOWIND
667,Indraprastha Medical Corporation Limited,INDRAMEDCO
668,Ind-Swift Laboratories Limited,INDSWFTLAB
669,Ind-Swift Limited,INDSWFTLTD
670,Indian Terrain Fashions Limited,INDTERRAIN
671,IndusInd Bank Limited,INDUSINDBK
672,INEOS Styrolution India Limited,INEOSSTYRO
673,Infibeam Avenues Limited,INFIBEAM
674,InfoBeans Technologies Limited,INFOBEAN
675,Bharti Infratel Limited,INFRATEL
676,Infosys Limited,INFY
677,Ingersoll Rand (India) Limited,INGERRAND
678,INOX Leisure Limited,INOXLEISUR
679,Inox Wind Limited,INOXWIND
680,Insecticides (India) Limited,INSECTICID
681,Inspirisys Solutions Limited,INSPIRISYS
682,Integra Garments and Textiles Limited,INTEGRA
683,Intellect Design Arena Limited,INTELLECT
684,Intense Technologies Limited,INTENTECH
685,Inventure Growth & Securities Limited,INVENTURE
686,Indian Overseas Bank,IOB
687,Indian Oil Corporation Limited,IOC
688,IOL Chemicals and Pharmaceuticals Limited,IOLCP
689,International Paper APPM Limited,IPAPPM
690,IPCA Laboratories Limited,IPCALAB
691,IRB Infrastructure Developers Limited,IRB
692,Ircon International Limited,IRCON
693,Indian Railway Catering And Tourism Corporation Limited,IRCTC
694,ICICI Securities Limited,ISEC
695,Intrasoft Technologies Limited,ISFT
696,ISMT Limited,ISMTLTD
697,ITC Limited,ITC
698,India Tourism Development Corporation Limited,ITDC
699,ITD Cementation India Limited,ITDCEM
700,ITI Limited,ITI
701,IL&FS Investment Managers Limited,IVC
702,IVP Limited,IVP
703,IVRCL Limited,IVRCLINFRA
704,IZMO Limited,IZMO
705,The Jammu & Kashmir Bank Limited,J&KBANK
706,Jagran Prakashan Limited,JAGRAN
707,Jagsonpal Pharmaceuticals Limited,JAGSNPHARM
708,Jai Balaji Industries Limited,JAIBALAJI
709,Jai Corp Limited,JAICORPLTD
710,Jaihind Projects Limited,JAIHINDPRO
711,Jain Studios Limited,JAINSTUDIO
712,Jamna Auto Industries Limited,JAMNAAUTO
713,Jash Engineering Limited,JASH
714,Jayant Agro Organics Limited,JAYAGROGN
715,Jay Bharat Maruti Limited,JAYBARMARU
716,Jayaswal Neco Industries Limited,JAYNECOIND
717,Jayshree Tea & Industries Limited,JAYSREETEA
718,JB Chemicals & Pharmaceuticals Limited,JBCHEPHARM
719,JBF Industries Limited,JBFIND
720,JBM Auto Limited,JBMA
721,Johnson Controls â Hitachi Air Conditioning India Limited,JCHAC
722,Jet Airways (India) Limited,JETAIRWAYS
723,JHS Svendgaard Laboratories Limited,JHS
724,JIK Industries Limited,JIKIND
725,Jindal Photo Limited,JINDALPHOT
726,Jindal Poly Films Limited,JINDALPOLY
727,Jindal Saw Limited,JINDALSAW
728,Jindal Steel & Power Limited,JINDALSTEL
729,Jindal Cotex Limited,JINDCOT
730,Jindal Drilling And Industries Limited,JINDRILL
731,Jindal Worldwide Limited,JINDWORLD
732,Jain Irrigation Systems Limited,JISLDVREQS
733,Jain Irrigation Systems Limited,JISLJALEQS
734,JITF Infralogistics Limited,JITFINFRA
735,Jiya Eco-Products Limited,JIYAECO
736,JK Cement Limited,JKCEMENT
737,J.Kumar Infraprojects Limited,JKIL
738,JK Lakshmi Cement Limited,JKLAKSHMI
739,JK Paper Limited,JKPAPER
740,JK Tyre & Industries Limited,JKTYRE
741,Jullundur Motor Agency (Delhi) Limited,JMA
742,JMC Projects (India) Limited,JMCPROJECT
743,JM Financial Limited,JMFINANCIL
744,JMT Auto Limited,JMTAUTOLTD
745,Jocil Limited,JOCIL
746,Jaiprakash Associates Limited,JPASSOCIAT
747,Jaypee Infratech Limited,JPINFRATEC
748,Jindal Poly Investment and Finance Company Limited,JPOLYINVST
749,Jaiprakash Power Ventures Limited,JPPOWER
750,Jindal Stainless Limited,JSL
751,Jindal Stainless (Hisar) Limited,JSLHISAR
752,JSW Energy Limited,JSWENERGY
753,JSW Holdings Limited,JSWHL
754,JSW Steel Limited,JSWSTEEL
755,Jtekt India Limited,JTEKTINDIA
756,Jubilant Life Sciences Limited,JUBILANT
757,Jubilant Foodworks Limited,JUBLFOOD
758,Jubilant Industries Limited,JUBLINDS
759,Jump Networks Limited,JUMPNET
760,Just Dial Limited,JUSTDIAL
761,JVL Agro Industries Limited,JVLAGRO
762,Jyothy Labs Limited,JYOTHYLAB
763,Kabra Extrusion Technik Limited,KABRAEXTRU
764,Kajaria Ceramics Limited,KAJARIACER
765,Kakatiya Cement Sugar & Industries Limited,KAKATCEM
766,Kalpataru Power Transmission Limited,KALPATPOWR
767,Kalyani Commercials Limited,KALYANI
768,Kalyani Forge Limited,KALYANIFRG
769,Kamat Hotels (I) Limited,KAMATHOTEL
770,Kamdhenu Limited,KAMDHENU
771,Kanani Industries Limited,KANANIIND
772,Kanoria Chemicals & Industries Limited,KANORICHEM
773,Kansai Nerolac Paints Limited,KANSAINER
774,Karda Constructions Limited,KARDA
775,Karma Energy Limited,KARMAENG
776,Karur Vysya Bank Limited,KARURVYSYA
777,Kaushalya Infrastructure Development Corporation Limited,KAUSHALYA
778,Kavveri Telecom Products Limited,KAVVERITEL
779,Kaya Limited,KAYA
780,KCP Limited,KCP
781,KCP Sugar and Industries Corporation Limited,KCPSUGIND
782,KDDL Limited,KDDL
783,KEC International Limited,KEC
784,Kirloskar Electric Company Limited,KECL
785,KEI Industries Limited,KEI
786,Kellton Tech Solutions Limited,KELLTONTEC
787,Kennametal India Limited,KENNAMET
788,Kernex Microsystems (India) Limited,KERNEX
789,Kesar Enterprises Limited,KESARENT
790,Kesoram Industries Limited,KESORAMIND
791,Keynote Financial Services Limited,KEYFINSERV
792,Karuturi Global Limited,KGL
793,Khadim India Limited,KHADIM
794,Khaitan (India) Limited,KHAITANLTD
795,Khandwala Securities Limited,KHANDSE
796,Kalyani Investment Company Limited,KICL
797,Kilitch Drugs (India) Limited,KILITCH
798,Kingfa Science & Technology (India) Limited,KINGFA
799,KIOCL Limited,KIOCL
800,Kiri Industries Limited,KIRIINDUS
801,Kirloskar Brothers Limited,KIRLOSBROS
802,Kirloskar Oil Engines Limited,KIRLOSENG
803,Kirloskar Industries Limited,KIRLOSIND
804,Kitex Garments Limited,KITEX
805,Kewal Kiran Clothing Limited,KKCL
806,K.M.Sugar Mills Limited,KMSUGAR
807,KNR Constructions Limited,KNRCON
808,Kohinoor Foods Limited,KOHINOOR
809,Kokuyo Camlin Limited,KOKUYOCMLN
810,Kolte â Patil Developers Limited,KOLTEPATIL
811,Kopran Limited,KOPRAN
812,Kotak Mahindra Bank Limited,KOTAKBANK
813,Kothari Sugars And Chemicals Limited,KOTARISUG
814,Kothari Petrochemicals Limited,KOTHARIPET
815,Kothari Products Limited,KOTHARIPRO
816,KPIT Technologies Limited,KPITTECH
817,K.P.R. Mill Limited,KPRMILL
818,KRBL Limited,KRBL
819,Krebs Biochemicals and Industries Limited,KREBSBIO
820,Kridhan Infra Limited,KRIDHANINF
821,Krishana Phoschem Limited,KRISHANA
822,Ksb Limited,KSB
823,Kaveri Seed Company Limited,KSCL
824,KSS Limited,KSERASERA
825,KSK Energy Ventures Limited,KSK
826,Kalyani Steels Limited,KSL
827,Kesar Terminals & Infrastructure Limited,KTIL
828,The Karnataka Bank Limited,KTKBANK
829,Kuantum Papers Limited,KUANTUM
830,kwality limited,KWALITY
831,L&T Finance Holdings Limited,L&TFH
832,Lakshmi Precision Screws Limited,LAKPRE
833,Lakshmi Vilas Bank Limited,LAKSHVILAS
834,Dr. Lal Path Labs Ltd.,LALPATHLAB
835,Lambodhara Textiles Limited,LAMBODHARA
836,La Opala RG Limited,LAOPALA
837,Lasa Supergenerics Limited,LASA
838,Laurus Labs Limited,LAURUSLABS
839,Lakshmi Machine Works Limited,LAXMIMACH
840,Lemon Tree Hotels Limited,LEMONTREE
841,Lakshmi Finance & Industrial Corporation Limited,LFIC
842,LG Balakrishnan & Bros Limited,LGBBROSLTD
843,LGB Forge Limited,LGBFORGE
844,Libas Designs Limited,LIBAS
845,Libas Designs Limited,LIBAS
846,Liberty Shoes Limited,LIBERTSHOE
847,LIC Housing Finance Limited,LICHSGFIN
848,Lincoln Pharmaceuticals Limited,LINCOLN
849,Linc Pen & Plastics Limited,LINCPEN
850,Linde India Limited,LINDEINDIA
851,Lokesh Machines Limited,LOKESHMACH
852,Lotus Eye Hospital and Institute Limited,LOTUSEYE
853,Lovable Lingerie Limited,LOVABLE
854,Landmark Property Development Company Limited,LPDC
855,Lloyds Steels Industries Limited,LSIL
856,Larsen & Toubro Limited,LT
857,Larsen & Toubro Infotech Limited,LTI
858,L&T Technology Services Limited,LTTS
859,Lumax Industries Limited,LUMAXIND
860,Lumax Auto Technologies Limited,LUMAXTECH
861,Lupin Limited,LUPIN
862,Lux Industries Limited,LUXIND
863,Lyka Labs Limited,LYKALABS
864,Lypsa Gems & Jewellery Limited,LYPSAGEMS
865,Mahindra & Mahindra Limited,M&M
866,Mahindra & Mahindra Financial Services Limited,M&MFIN
867,Maan Aluminium Limited,MAANALU
868,Madhav Marbles and Granites Limited,MADHAV
869,Madhucon Projects Limited,MADHUCON
870,Madras Fertilizers Limited,MADRASFERT
871,Magadh Sugar & Energy Limited,MAGADSUGAR
872,Magma Fincorp Limited,MAGMA
873,Magnum Ventures Limited,MAGNUM
874,Bank of Maharashtra,MAHABANK
875,Maha Rashtra Apex Corporation Limited,MAHAPEXLTD
876,Mahamaya Steel Industries Limited,MAHASTEEL
877,Maheshwari Logistics Limited,MAHESHWARI
878,Mahindra CIE Automotive Limited,MAHINDCIE
879,Mahindra Lifespace Developers Limited,MAHLIFE
880,Mahindra Logistics Limited,MAHLOG
881,Maharashtra Scooters Limited,MAHSCOOTER
882,Maharashtra Seamless Limited,MAHSEAMLES
883,Maithan Alloys Limited,MAITHANALL
884,Majesco Limited,MAJESCO
885,Malu Paper Mills Limited,MALUPAPER
886,Manaksia Aluminium Company Limited,MANAKALUCO
887,Manaksia Coated Metals & Industries Limited,MANAKCOAT
888,Manaksia Limited,MANAKSIA
889,Manaksia Steels Limited,MANAKSTEEL
890,Manali Petrochemicals Limited,MANALIPETC
891,Manappuram Finance Limited,MANAPPURAM
892,Mangalam Drugs And Organics Limited,MANGALAM
893,Mangalore Chemicals & Fertilizers Limited,MANGCHEFER
894,Mangalam Cement Limited,MANGLMCEM
895,Mangalam Timber Products Limited,MANGTIMBER
896,Man Industries (India) Limited,MANINDS
897,Man Infraconstruction Limited,MANINFRA
898,Manpasand Beverages Limited,MANPASAND
899,Manugraph India Limited,MANUGRAPH
900,Maral Overseas Limited,MARALOVER
901,Marathon Nextgen Realty Limited,MARATHON
902,Marico Limited,MARICO
903,Marksans Pharma Limited,MARKSANS
904,Maruti Suzuki India Limited,MARUTI
905,MAS Financial Services Limited,MASFIN
906,Mask Investments Limited,MASKINVEST
907,Mastek Limited,MASTEK
908,Matrimony.Com Limited,MATRIMONY
909,Mawana Sugars Limited,MAWANASUG
910,Max India Limited,MAXINDIA
911,Max Ventures and Industries Limited,MAXVIL
912,Mayur Uniquoters Ltd,MAYURUNIQ
913,Mazda Limited,MAZDA
914,Madhya Bharat Agro Products Limited,MBAPL
915,Mcnally Bharat Engineering Company Limited,MBECL
916,MBL Infrastructures Limited,MBLINFRA
917,McDowell Holdings Limited,MCDHOLDING
918,United Spirits Limited,MCDOWELL-N
919,Mcleod Russel India Limited,MCLEODRUSS
920,Multi Commodity Exchange of India Limited,MCX
921,Megasoft Limited,MEGASOFT
922,Meghmani Organics Limited,MEGH
923,Melstar Information Technologies Limited,MELSTAR
924,Menon Bearings Limited,MENONBE
925,MEP Infrastructure Developers Limited,MEP
926,Mercator Limited,MERCATOR
927,Metalyst Forgings Limited,METALFORGE
928,Metkore Alloys & Industries Limited,METKORE
929,Metropolis Healthcare Limited,METROPOLIS
930,Max Financial Services Limited,MFSL
931,Mahanagar Gas Limited,MGL
932,Mahindra Holidays & Resorts India Limited,MHRIL
933,MIC Electronics Limited,MIC
934,Mishra Dhatu Nigam Limited,MIDHANI
935,Minda Corporation Limited,MINDACORP
936,Minda Industries Limited,MINDAIND
937,Mindteck (India) Limited,MINDTECK
938,MindTree Limited,MINDTREE
939,MIRC Electronics Limited,MIRCELECTR
940,Mirza International Limited,MIRZAINT
941,MM Forgings Limited,MMFL
942,MMTC Limited,MMTC
943,Modi Rubber Limited,MODIRUBBER
944,Mohit Industries Limited,MOHITIND
945,Mohota Industries Limited,MOHOTAIND
946,MOIL Limited,MOIL
947,Mold-Tek Technologies Limited,MOLDTECH
948,Mold-Tek Packaging Limited,MOLDTKPAC
949,Monte Carlo Fashions Limited,MONTECARLO
950,Morarjee Textiles Limited,MORARJEE
951,Morepen Laboratories Limited,MOREPENLAB
952,Motherson Sumi Systems Limited,MOTHERSUMI
953,Motilal Oswal Financial Services Limited,MOTILALOFS
954,The Motor & General Finance Limited,MOTOGENFIN
955,MphasiS Limited,MPHASIS
956,MPS Limited,MPSLTD
957,MRF Limited,MRF
958,MRO-TEK Realty Limited,MRO-TEK
959,Mangalore Refinery and Petrochemicals Limited,MRPL
960,MSP Steel & Power Limited,MSPL
961,Mstc Limited,MSTCLTD
962,MT Educare Limited,MTEDUCARE
963,Mahanagar Telephone Nigam Limited,MTNL
964,Mukand Engineers Limited,MUKANDENGG
965,Mukand Limited,MUKANDLTD
966,Mukta Arts Limited,MUKTAARTS
967,Munjal Auto Industries Limited,MUNJALAU
968,Munjal Showa Limited,MUNJALSHOW
969,Murudeshwar Ceramics Limited,MURUDCERA
970,Muthoot Capital Services Limited,MUTHOOTCAP
971,Muthoot Finance Limited,MUTHOOTFIN
972,MVL Limited,MVL
973,NACL Industries Limited,NACLIND
974,Nagarjuna Fertilizers and Chemicals Limited,NAGAFERT
975,Nagarjuna Oil Refinery Limited,NAGAROIL
976,Nagreeka Capital & Infrastructure Limited,NAGREEKCAP
977,Nagreeka Exports Limited,NAGREEKEXP
978,Nahar Capital and Financial Services Limited,NAHARCAP
979,Nahar Industrial Enterprises Limited,NAHARINDUS
980,Nahar Poly Films Limited,NAHARPOLY
981,Nahar Spinning Mills Limited,NAHARSPING
982,Natco Pharma Limited,NATCOPHARM
983,Nath Bio-Genes (India) Limited,NATHBIOGEN
984,National Aluminium Company Limited,NATIONALUM
985,National Steel And Agro Industries Limited,NATNLSTEEL
986,Info Edge (India) Limited,NAUKRI
987,Navin Fluorine International Limited,NAVINFLUOR
988,Navkar Corporation Limited,NAVKARCORP
989,Navneet Education Limited,NAVNETEDUL
990,NBCC (India) Limited,NBCC
991,N. B. I. Industrial Finance Company Limited,NBIFIN
992,Nava Bharat Ventures Limited,NBVENTURES
993,NCC Limited,NCC
994,NCL Industries Limited,NCLIND
995,Naga Dhunseri Group Limited,NDGL
996,Nandan Denim Limited,NDL
997,New Delhi Television Limited,NDTV
998,North Eastern Carrying Corporation Limited,NECCLTD
999,Nectar Lifesciences Limited,NECLIFE
1000,Nelcast Limited,NELCAST
1001,NELCO Limited,NELCO
1002,Neogen Chemicals Limited,NEOGEN
1003,Nesco Limited,NESCO
1004,Nestle India Limited,NESTLEIND
1005,Network18 Media & Investments Limited,NETWORK18
1006,Neuland Laboratories Limited,NEULANDLAB
1007,Newgen Software Technologies Limited,NEWGEN
1008,Next Mediaworks Limited,NEXTMEDIA
1009,National Fertilizers Limited,NFL
1010,Narayana Hrudayalaya Ltd.,NH
1011,NHPC Limited,NHPC
1012,The New India Assurance Company Limited,NIACL
1013,NRB Industrial Bearings Limited,NIBL
1014,NIIT Limited,NIITLTD
1015,NIIT Technologies Limited,NIITTECH
1016,Nila Infrastructures Limited,NILAINFRA
1017,Nila Spaces Limited,NILASPACES
1018,Nilkamal Limited,NILKAMAL
1019,Indo-National Limited,NIPPOBATRY
1020,Niraj Ispat Industries Limited,NIRAJISPAT
1021,Nitco Limited,NITCO
1022,Nitin Fire Protection Industries Limited,NITINFIRE
1023,Nitin Spinners Limited,NITINSPIN
1024,NK Industries Limited,NKIND
1025,NLC India Limited,NLCINDIA
1026,NMDC Limited,NMDC
1027,NOCIL Limited,NOCIL
1028,Noida Toll Bridge Company Limited,NOIDATOLL
1029,Norben Tea & Exports Limited,NORBTEAEXP
1030,N R Agarwal Industries Limited,NRAIL
1031,NRB Bearing Limited,NRBBEARING
1032,Nalwa Sons Investments Limited,NSIL
1033,Neueon Towers Limited,NTL
1034,NTPC Limited,NTPC
1035,Nucleus Software Exports Limited,NUCLEUS
1036,NXTDIGITAL LIMITED,NXTDIGITAL
1037,Oriental Aromatics Limited,OAL
1038,Oberoi Realty Limited,OBEROIRLTY
1039,Oriental Carbon & Chemicals Limited,OCCL
1040,Oracle Financial Services Software Limited,OFSS
1041,Oil India Limited,OIL
1042,Oil Country Tubular Limited,OILCOUNTUB
1043,OCL Iron and Steel Limited,OISL
1044,Olectra Greentech Limited,OLECTRA
1045,Omax Autos Limited,OMAXAUTO
1046,Omaxe Limited,OMAXE
1047,Omkar Speciality Chemicals Limited,OMKARCHEM
1048,OM Metals Infraprojects Limited,OMMETALS
1049,Onelife Capital Advisors Limited,ONELIFECAP
1050,One Point One Solutions Limited,ONEPOINT
1051,Oil & Natural Gas Corporation Limited,ONGC
1052,OnMobile Global Limited,ONMOBILE
1053,Onward Technologies Limited,ONWARDTEC
1054,Optiemus Infracom Limited,OPTIEMUS
1055,Opto Circuits (India) Limited,OPTOCIRCUI
1056,Orbit Exports Limited,ORBTEXP
1057,Oricon Enterprises Limited,ORICONENT
1058,Orient Abrasives Limited,ORIENTABRA
1059,Oriental Trimex Limited,ORIENTALTL
1060,Oriental Bank of Commerce,ORIENTBANK
1061,Orient Bell Limited,ORIENTBELL
1062,Orient Cement Limited,ORIENTCEM
1063,Orient Electric Limited,ORIENTELEC
1064,Oriental Hotels Limited,ORIENTHOT
1065,Orient Press Limited,ORIENTLTD
1066,Orient Paper & Industries Limited,ORIENTPPR
1067,Orient Refractories Limited,ORIENTREF
1068,The Orissa Minerals Development Company Limited,ORISSAMINE
1069,Ortel Communications Limited,ORTEL
1070,Ortin Laboratories Limited,ORTINLABSS
1071,Oswal Agro Mills Limited,OSWALAGRO
1072,PAE Limited,PAEL
1073,Page Industries Limited,PAGEIND
1074,Paisalo Digital Limited,PAISALO
1075,Palash Securities Limited,PALASHSECU
1076,Palred Technologies Limited,PALREDTEC
1077,Panacea Biotec Limited,PANACEABIO
1078,Panama Petrochem Limited,PANAMAPET
1079,Huhtamaki PPL Limited,PAPERPROD
1080,Parabolic Drugs Limited,PARABDRUGS
1081,Paramount Communications Limited,PARACABLES
1082,Parag Milk Foods Limited,PARAGMILK
1083,Parsvnath Developers Limited,PARSVNATH
1084,Patel Engineering Limited,PATELENG
1085,Patel Integrated Logistics Limited,PATINTLOG
1086,Patspin India Limited,PATSPINLTD
1087,PC Jeweller Limited,PCJEWELLER
1088,Pudumjee Paper Products Limited,PDMJEPAPER
1089,Parenteral Drugs (India) Limited,PDPL
1090,PDS Multinational Fashions Limited,PDSMFL
1091,Pearl Polymers Limited,PEARLPOLY
1092,Piramal Enterprises Limited,PEL
1093,Pennar Industries Limited,PENIND
1094,Peninsula Land Limited,PENINLAND
1095,Persistent Systems Limited,PERSISTENT
1096,Petron Engineering Construction Limited,PETRONENGG
1097,Petronet LNG Limited,PETRONET
1098,Power Finance Corporation Limited,PFC
1099,Pfizer Limited,PFIZER
1100,Prime Focus Limited,PFOCUS
1101,PTC India Financial Services Limited,PFS
1102,PG Electroplast Limited,PGEL
1103,Procter & Gamble Hygiene and Health Care Limited,PGHH
1104,Procter & Gamble Health Limited,PGHL
1105,Pearl Global Industries Limited,PGIL
1106,Phillips Carbon Black Limited,PHILIPCARB
1107,The Phoenix Mills Limited,PHOENIXLTD
1108,Pidilite Industries Limited,PIDILITIND
1109,PI Industries Limited,PIIND
1110,Pilani Investment and Industries Corporation Limited,PILANIINVS
1111,PIL ITALICA LIFESTYLE LIMITED,PILITA
1112,Pioneer Distilleries Limited,PIONDIST
1113,Pioneer Embroideries Limited,PIONEEREMB
1114,Piramal Phytocare Limited,PIRPHYTO
1115,Pitti Engineering Limited,PITTIENG
1116,The Peria Karamalai Tea & Produce Company Limited,PKTEA
1117,Plastiblends India Limited,PLASTIBLEN
1118,Punjab National Bank,PNB
1119,PNB Gilts Limited,PNBGILTS
1120,PNB Housing Finance Limited,PNBHOUSING
1121,Pritish Nandy Communications Limited,PNC
1122,PNC Infratech Limited,PNCINFRA
1123,Poddar Housing and Development Limited,PODDARHOUS
1124,Poddar Pigments Limited,PODDARMENT
1125,Pokarna Limited,POKARNA
1126,Polycab India Limited,POLYCAB
1127,Poly Medicure Limited,POLYMED
1128,Polyplex Corporation Limited,POLYPLEX
1129,Ponni Sugars (Erode) Limited,PONNIERODE
1130,Power Grid Corporation of India Limited,POWERGRID
1131,Power Mech Projects Limited,POWERMECH
1132,PPAP Automotive Limited,PPAP
1133,Prakash Pipes Limited,PPL
1134,Prabhat Dairy Limited,PRABHAT
1135,Pradip Overseas Limited,PRADIP
1136,Prajay Engineers Syndicate Limited,PRAENG
1137,Praj Industries Limited,PRAJIND
1138,Prakash Industries Limited,PRAKASH
1139,Prakash Steelage Limited,PRAKASHSTL
1140,Praxis Home Retail Limited,PRAXIS
1141,Precision Camshafts Limited,PRECAM
1142,Precot Meridian Limited,PRECOT
1143,Precision Wires India Limited,PRECWIRE
1144,Premier Explosives Limited,PREMEXPLN
1145,Premier Limited,PREMIER
1146,Premier Polyfilm Limited,PREMIERPOL
1147,Pressman Advertising Limited,PRESSMN
1148,Prestige Estates Projects Limited,PRESTIGE
1149,Pricol Limited,PRICOLLTD
1150,Prime Securities Limited,PRIMESECU
1151,Proseed India Limited,PROSEED
1152,Provogue (India) Limited,PROVOGE
1153,Prozone Intu Properties Limited,PROZONINTU
1154,Prism Johnson Limited,PRSMJOHNSN
1155,Punjab & Sind Bank,PSB
1156,PSL Limited,PSL
1157,PSP Projects Limited,PSPPROJECT
1158,PTC India Limited,PTC
1159,PTL Enterprises Limited,PTL
1160,Punjab Chemicals & Crop Protection Limited,PUNJABCHEM
1161,Punj Lloyd Limited,PUNJLLOYD
1162,Puravankara Limited,PURVA
1163,PVR Limited,PVR
1164,Quess Corp Limited,QUESS
1165,Quick Heal Technologies Limited,QUICKHEAL
1166,Radaan Mediaworks India Limited,RADAAN
1167,Radico Khaitan Limited,RADICO
1168,Music Broadcast Limited,RADIOCITY
1169,Rain Industries Limited,RAIN
1170,Rajesh Exports Limited,RAJESHEXPO
1171,Raj Rayon Industries Limited,RAJRAYON
1172,Rajshree Sugars & Chemicals Limited,RAJSREESUG
1173,Raj Television Network Limited,RAJTV
1174,Rajvir Industries Limited,RAJVIR
1175,Rallis India Limited,RALLIS
1176,Shree Rama Newsprint Limited,RAMANEWS
1177,Rama Steel Tubes Limited,RAMASTEEL
1178,The Ramco Cements Limited,RAMCOCEM
1179,Ramco Industries Limited,RAMCOIND
1180,Ramco Systems Limited,RAMCOSYS
1181,Ramky Infrastructure Limited,RAMKY
1182,Ramsarup Industries Limited,RAMSARUP
1183,Rana Sugars Limited,RANASUG
1184,Rane Engine Valve Limited,RANEENGINE
1185,Rane Holdings Limited,RANEHOLDIN
1186,Ratnamani Metals & Tubes Limited,RATNAMANI
1187,Raymond Limited,RAYMOND
1188,Rane Brake Lining Limited,RBL
1189,RBL Bank Limited,RBLBANK
1190,Rashtriya Chemicals and Fertilizers Limited,RCF
1191,Reliance Communications Limited,RCOM
1192,REC Limited,RECLTD
1193,Redington (India) Limited,REDINGTON
1194,Refex Industries Limited,REFEX
1195,Regency Ceramics Limited,REGENCERAM
1196,Relaxo Footwears Limited,RELAXO
1197,Reliance Capital Limited,RELCAPITAL
1198,Reliance Industries Limited,RELIANCE
1199,Religare Enterprises Limited,RELIGARE
1200,Reliance Infrastructure Limited,RELINFRA
1201,Remsons Industries Limited,REMSONSIND
1202,Shree Renuka Sugars Limited,RENUKA
1203,Repco Home Finance Limited,REPCOHOME
1204,Repro India Limited,REPRO
1205,Responsive Industries Limited,RESPONIND
1206,Revathi Equipment Limited,REVATHI
1207,Renaissance Global Limited,RGL
1208,Reliance Home Finance Limited,RHFL
1209,Rico Auto Industries Limited,RICOAUTO
1210,Reliance Industrial Infrastructure Limited,RIIL
1211,RITES Limited,RITES
1212,Ravi Kumar Distilleries Limited,RKDL
1213,Ramkrishna Forgings Limited,RKFORGE
1214,Radha Madhav Corporation Limited,RMCL
1215,Rane (Madras) Limited,RML
1216,Reliance Nippon Life Asset Management Limited,RNAM
1217,Reliance Naval and Engineering Limited,RNAVAL
1218,Rohit Ferro-Tech Limited,ROHITFERRO
1219,Royal Orchid Hotels Limited,ROHLTD
1220,Rollatainers Limited,ROLLT
1221,Rolta India Limited,ROLTA
1222,Rossell India Limited,ROSSELLIND
1223,RPG Life Sciences Limited,RPGLIFE
1224,Reliance Power Limited,RPOWER
1225,R.P.P. Infra Projects Limited,RPPINFRA
1226,R. S. Software (India) Limited,RSSOFTWARE
1227,RSWM Limited,RSWM
1228,R Systems International Limited,RSYSTEMS
1229,RattanIndia Infrastructure Limited,RTNINFRA
1230,RattanIndia Power Limited,RTNPOWER
1231,The Ruby Mills Limited,RUBYMILLS
1232,Ruchi Infrastructure Limited,RUCHINFRA
1233,Ruchira Papers Limited,RUCHIRA
1234,Ruchi Soya Industries Limited,RUCHISOYA
1235,Rupa & Company Limited,RUPA
1236,Rushil Decor Limited,RUSHIL
1237,Rail Vikas Nigam Limited,RVNL
1238,Sab Events & Governance Now Media Limited,SABEVENTS
1239,Sri Adhikari Brothers Television Network Limited,SABTN
1240,Sadbhav Engineering Limited,SADBHAV
1241,Sadbhav Infrastructure Project Limited,SADBHIN
1242,Safari Industries (India) Limited,SAFARI
1243,Sagardeep Alloys Limited,SAGARDEEP
1244,Sagar Cements Limited,SAGCEM
1245,Steel Authority of India Limited,SAIL
1246,Sakar Healthcare Limited,SAKAR
1247,Sakthi Sugars Limited,SAKHTISUG
1248,Saksoft Limited,SAKSOFT
1249,Sakuma Exports Limited,SAKUMA
1250,Salasar Techno Engineering Limited,SALASAR
1251,Salona Cotspin Limited,SALONA
1252,S.A.L. Steel Limited,SALSTEEL
1253,Salzer Electronics Limited,SALZERELEC
1254,Sambhaav Media Limited,SAMBHAAV
1255,Sanco Industries Limited,SANCO
1256,The Sandesh Limited,SANDESH
1257,Sandhar Technologies Limited,SANDHAR
1258,Sangam (India) Limited,SANGAMIND
1259,Sanghi Industries Limited,SANGHIIND
1260,Sanghvi Forging and Engineering Limited,SANGHVIFOR
1261,Sanghvi Movers Limited,SANGHVIMOV
1262,Sanginita Chemicals Limited,SANGINITA
1263,Sanofi India Limited,SANOFI
1264,Sanwaria Consumer Limited,SANWARIA
1265,Sarda Energy & Minerals Limited,SARDAEN
1266,Saregama India Limited,SAREGAMA
1267,Sarla Performance Fibers Limited,SARLAPOLY
1268,Sasken Technologies Limited,SASKEN
1269,Sastasundar Ventures Limited,SASTASUNDR
1270,Sathavahana Ispat Limited,SATHAISPAT
1271,Satia Industries Limited,SATIA
1272,Satin Creditcare Network Limited,SATIN
1273,SBI Life Insurance Company Limited,SBILIFE
1274,State Bank of India,SBIN
1275,Stampede Capital Limited,SCAPDVR
1276,Schaeffler India Limited,SCHAEFFLER
1277,S Chand And Company Limited,SCHAND
1278,Schneider Electric Infrastructure Limited,SCHNEIDER
1279,Shipping Corporation Of India Limited,SCI
1280,Som Distilleries & Breweries Limited,SDBL
1281,Seamec Limited,SEAMECLTD
1282,Selan Exploration Technology Limited,SELAN
1283,SEL Manufacturing Company Limited,SELMCL
1284,S.E. Power Limited,SEPOWER
1285,Sequent Scientific Limited,SEQUENT
1286,Seshasayee Paper and Boards Limited,SESHAPAPER
1287,Setco Automotive Limited,SETCO
1288,Setubandhan Infrastructure Limited,SETUINFRA
1289,Seya Industries Limited,SEYAIND
1290,Sezal Glass Limited,SEZAL
1291,Sheela Foam Limited,SFL
1292,STL Global Limited,SGL
1293,Shah Alloys Limited,SHAHALLOYS
1294,Shakti Pumps (India) Limited,SHAKTIPUMP
1295,Shalby Limited,SHALBY
1296,Shalimar Paints Limited,SHALPAINTS
1297,Shankara Building Products Limited,SHANKARA
1298,Shanthi Gears Limited,SHANTIGEAR
1299,Sharda Cropchem Limited,SHARDACROP
1300,Sharda Motor Industries Limited,SHARDAMOTR
1301,Shemaroo Entertainment Limited,SHEMAROO
1302,Shilpa Medicare Limited,SHILPAMED
1303,Shirpur Gold Refinery Limited,SHIRPUR-G
1304,Shivam Autotech Limited,SHIVAMAUTO
1305,Shiva Mills Limited,SHIVAMILLS
1306,Shiva Texyarn Limited,SHIVATEX
1307,S H Kelkar and Company Limited,SHK
1308,Shoppers Stop Limited,SHOPERSTOP
1309,Shree Digvijay Cement Co.Ltd,SHREDIGCEM
1310,SHREE CEMENT LIMITED,SHREECEM
1311,Shree Pushkar Chemicals & Fertilisers Limited,SHREEPUSHK
1312,Shree Rama Multi-Tech Limited,SHREERAMA
1313,Shrenik Limited,SHRENIK
1314,Shreyans Industries Limited,SHREYANIND
1315,Shreyas Shipping & Logistics Limited,SHREYAS
1316,Shriram Pistons & Rings Limited,SHRIPISTON
1317,Shriram City Union Finance Limited,SHRIRAMCIT
1318,Shriram EPC Limited,SHRIRAMEPC
1319,Shyam Century Ferrous Limited,SHYAMCENT
1320,Shyam Telecom Limited,SHYAMTEL
1321,Sicagen India Limited,SICAGEN
1322,Sical Logistics Limited,SICAL
1323,Siemens Limited,SIEMENS
1324,Signet Industries Limited,SIGIND
1325,Standard Industries Limited,SIL
1326,SIL Investments Limited,SILINV
1327,Simbhaoli Sugars Limited,SIMBHALS
1328,Simplex Infrastructures Limited,SIMPLEXINF
1329,Sintex Industries Limited,SINTEX
1330,Sirca Paints India Limited,SIRCA
1331,Security and Intelligence Services (India) Limited,SIS
1332,Siti Networks Limited,SITINET
1333,Siyaram Silk Mills Limited,SIYSIL
1334,SJVN Limited,SJVN
1335,SKF India Limited,SKFINDIA
1336,SKIL Infrastructure Limited,SKIL
1337,Skipper Limited,SKIPPER
1338,SKM Egg Products Export (India) Limited,SKMEGGPROD
1339,Smartlink Holdings Limited,SMARTLINK
1340,SML Isuzu Limited,SMLISUZU
1341,Splendid Metal Products Limited,SMPL
1342,SMS Lifesciences India Limited,SMSLIFE
1343,SMS Pharmaceuticals Limited,SMSPHARMA
1344,Snowman Logistics Limited,SNOWMAN
1345,Sobha Limited,SOBHA
1346,Solara Active Pharma Sciences Limited,SOLARA
1347,Solar Industries India Limited,SOLARINDS
1348,Somany Ceramics Limited,SOMANYCERA
1349,Soma Textiles & Industries Limited,SOMATEX
1350,Somi Conveyor Beltings Limited,SOMICONVEY
1351,Sonata Software Limited,SONATSOFTW
1352,SORIL Infra Resources Limited,SORILINFRA
1353,Savita Oil Technologies Limited,SOTL
1354,The South Indian Bank Limited,SOUTHBANK
1355,South West Pinnacle Exploration Limited,SOUTHWEST
1356,S. P. Apparels Limited,SPAL
1357,Spandana Sphoorty Financial Limited,SPANDANA
1358,Sun Pharma Advanced Research Company Limited,SPARC
1359,Spacenet Enterprises India Limited,SPCENET
1360,Speciality Restaurants Limited,SPECIALITY
1361,Spencerâs Retail Limited,SPENCERS
1362,Spentex Industries Limited,SPENTEX
1363,Southern Petrochemicals Industries Corporation Limited,SPIC
1364,SPICEJET LTD,SPICEJET
1365,SPL Industries Limited,SPLIL
1366,SPML Infra Limited,SPMLINFRA
1367,Sintex Plastics Technology Limited,SPTL
1368,Shekhawati Poly-Yarn Limited,SPYL
1369,Sreeleathers Limited,SREEL
1370,SREI Infrastructure Finance Limited,SREINFRA
1371,SRF Limited,SRF
1372,Sree Rayalaseema Hi-Strength Hypo Limited,SRHHYPOLTD
1373,Srikalahasthi Pipes Limited,SRIPIPES
1374,Shriram Transport Finance Company Limited,SRTRANSFIN
1375,Steel Strips Wheels Limited,SSWL
1376,Stampede Capital Limited,STAMPEDE
1377,Strides Pharma Science Limited,STAR
1378,Star Cement Limited,STARCEMENT
1379,Star Paper Mills Limited,STARPAPER
1380,The State Trading Corporation of India Limited,STCINDIA
1381,Steel City Securities Limited,STEELCITY
1382,STEEL EXCHANGE INDIA LIMITED,STEELXIND
1383,Stel Holdings Limited,STEL
1384,Sterling Tools Limited,STERTOOLS
1385,STI India Limited,STINDIA
1386,Sterlite Technologies Limited,STRTECH
1387,International Constructions Limited,SUBCAPCITY
1388,Subex Limited,SUBEX
1389,Subros Limited,SUBROS
1390,Sudarshan Chemical Industries Limited,SUDARSCHEM
1391,Sujana Universal Industries Limited,SUJANAUNI
1392,Sumeet Industries Limited,SUMEETINDS
1393,Sumit Woods Limited,SUMIT
1394,Summit Securities Limited,SUMMITSEC
1395,Sundaram Clayton Limited,SUNCLAYLTD
1396,Sundaram Multi Pap Limited,SUNDARAM
1397,Sundaram Finance Limited,SUNDARMFIN
1398,Sundaram Finance Holdings Limited,SUNDARMHLD
1399,Sundaram Brake Linings Limited,SUNDRMBRAK
1400,Sundram Fasteners Limited,SUNDRMFAST
1401,Sunflag Iron And Steel Company Limited,SUNFLAG
1402,Sun Pharmaceutical Industries Limited,SUNPHARMA
1403,Sunteck Realty Limited,SUNTECK
1404,Sun TV Network Limited,SUNTV
1405,Superhouse Limited,SUPERHOUSE
1406,Super Spinning Mills Limited,SUPERSPIN
1407,Supreme Petrochem Limited,SUPPETRO
1408,Suprajit Engineering Limited,SUPRAJIT
1409,Supreme Industries Limited,SUPREMEIND
1410,Supreme Infrastructure India Limited,SUPREMEINF
1411,Surana Solar Limited,SURANASOL
1412,Surana Telecom and Power Limited,SURANAT&P
1413,Suryalakshmi Cotton Mills Limited,SURYALAXMI
1414,Surya Roshni Limited,SURYAROSNI
1415,Sutlej Textiles and Industries Limited,SUTLEJTEX
1416,Suven Life Sciences Limited,SUVEN
1417,Suzlon Energy Limited,SUZLON
1418,Swan Energy Limited,SWANENERGY
1419,Swaraj Engines Limited,SWARAJENG
1420,Swelect Energy Systems Limited,SWELECTES
1421,Sterling And Wilson Solar Limited,SWSOLAR
1422,Symphony Limited,SYMPHONY
1423,Syncom Healthcare Limited,SYNCOM
1424,Syndicate Bank,SYNDIBANK
1425,Syngene International Limited,SYNGENE
1426,Tainwala Chemical and Plastic (I) Limited,TAINWALCHM
1427,Taj GVK Hotels & Resorts Limited,TAJGVK
1428,Take Solutions Limited,TAKE
1429,Talbros Automotive Components Limited,TALBROAUTO
1430,Talwalkars Better Value Fitness Limited,TALWALKARS
1431,Talwalkars Healthclubs Limited,TALWGYM
1432,Tanla Solutions Limited,TANLA
1433,Tantia Constructions Limited,TANTIACONS
1434,Tarapur Transformers Limited,TARAPUR
1435,Tarmat Limited,TARMAT
1436,Tasty Bite Eatables Limited,TASTYBITE
1437,Tata Chemicals Limited,TATACHEM
1438,Tata Coffee Limited,TATACOFFEE
1439,Tata Communications Limited,TATACOMM
1440,Tata Elxsi Limited,TATAELXSI
1441,Tata Global Beverages Limited,TATAGLOBAL
1442,Tata Investment Corporation Limited,TATAINVEST
1443,Tata Metaliks Limited,TATAMETALI
1444,Tata Motors Limited,TATAMOTORS
1445,Tata Motors Limited,TATAMTRDVR
1446,Tata Power Company Limited,TATAPOWER
1447,Tata Steel Limited,TATASTEEL
1448,Tata Steel Bsl Limited,TATASTLBSL
1449,Tata Steel Long Products Limited,TATASTLLP
1450,Tribhovandas Bhimji Zaveri Limited,TBZ
1451,Transport Corporation of India Limited,TCI
1452,TCI Developers Limited,TCIDEVELOP
1453,TCI Express Limited,TCIEXP
1454,TCI Finance Limited,TCIFINANCE
1455,TCNS Clothing Co. Limited,TCNSBRANDS
1456,TCPL Packaging Limited,TCPLPACK
1457,Tata Consultancy Services Limited,TCS
1458,TD Power Systems Limited,TDPOWERSYS
1459,Teamlease Services Limited,TEAMLEASE
1460,Techindia Nirman Limited,TECHIN
1461,Tech Mahindra Limited,TECHM
1462,Techno Electric & Engineering Company Limited,TECHNOE
1463,Technofab Engineering Limited,TECHNOFAB
1464,Tejas Networks Limited,TEJASNET
1465,Tera Software Limited,TERASOFT
1466,Texmaco Infrastructure & Holdings Limited,TEXINFRA
1467,Texmo Pipes and Products Limited,TEXMOPIPES
1468,Texmaco Rail & Engineering Limited,TEXRAIL
1469,Texmaco Rail & Engineering Limited,TEXRAIL
1470,Tourism Finance Corporation of India Limited,TFCILTD
1471,Transwarranty Finance Limited,TFL
1472,TGB Banquets And Hotels Limited,TGBHOTELS
1473,TGB Banquets And Hotels Limited,TGBHOTELS
1474,Thangamayil Jewellery Limited,THANGAMAYL
1475,The Investment Trust Of India Limited,THEINVEST
1476,Themis Medicare Limited,THEMISMED
1477,Thermax Limited,THERMAX
1478,Thiru Arooran Sugars Limited,THIRUSUGAR
1479,Thomas Cook (India) Limited,THOMASCOOK
1480,Thomas Scott (India) Limited,THOMASCOTT
1481,Thyrocare Technologies Limited,THYROCARE
1482,Tilaknagar Industries Limited,TI
1483,Tide Water Oil Company (India) Limited,TIDEWATER
1484,Technocraft Industries (India) Limited,TIIL
1485,Tube Investments of India Limited,TIINDIA
1486,Tijaria Polypipes Limited,TIJARIA
1487,TIL Limited,TIL
1488,Times Guaranty Limited,TIMESGTY
1489,Time Technoplast Limited,TIMETECHNO
1490,Timken India Limited,TIMKEN
1491,The Tinplate Company of India Limited,TINPLATE
1492,TIPS Industries Limited,TIPSINDLTD
1493,Thirumalai Chemicals Limited,TIRUMALCHM
1494,Titan Company Limited,TITAN
1495,The Mandhana Retail Ventures Limited,TMRVL
1496,Tamilnadu PetroProducts Limited,TNPETRO
1497,Tamil Nadu Newsprint & Papers Limited,TNPL
1498,Tamilnadu Telecommunication Limited,TNTELE
1499,Tokyo Plast International Limited,TOKYOPLAST
1500,Torrent Pharmaceuticals Limited,TORNTPHARM
1501,Torrent Power Limited,TORNTPOWER
1502,TPL Plastech Limited,TPLPLASTEH
1503,Tree House Education & Accessories Limited,TREEHOUSE
1504,TREJHARA SOLUTIONS LIMITED,TREJHARA
1505,Trent Limited,TRENT
1506,TRF Limited,TRF
1507,Trident Limited,TRIDENT
1508,Trigyn Technologies Limited,TRIGYN
1509,Transformers And Rectifiers (India) Limited,TRIL
1510,Triveni Turbine Limited,TRITURBINE
1511,Triveni Engineering & Industries Limited,TRIVENI
1512,TTK Healthcare Limited,TTKHLTCARE
1513,TTK Prestige Limited,TTKPRESTIG
1514,T T Limited,TTL
1515,Tata Teleservices (Maharashtra) Limited,TTML
1516,TV18 Broadcast Limited,TV18BRDCST
1517,TVS Electronics Limited,TVSELECT
1518,TVS Motor Company Limited,TVSMOTOR
1519,TVS Srichakra Limited,TVSSRICHAK
1520,TV Today Network Limited,TVTODAY
1521,TV Vision Limited,TVVISION
1522,Titagarh Wagons Limited,TWL
1523,United Breweries Limited,UBL
1524,Ucal Fuel Systems Limited,UCALFUEL
1525,UCO Bank,UCOBANK
1526,UFLEX Limited,UFLEX
1527,UFO Moviez India Limited,UFO
1528,The Ugar Sugar Works Limited,UGARSUGAR
1529,Ujaas Energy Limited,UJAAS
1530,Ujjivan Financial Services Limited,UJJIVAN
1531,UltraTech Cement Limited,ULTRACEMCO
1532,Umang Dairies Limited,UMANGDAIRY
1533,Usha Martin Education & Solutions Limited,UMESLTD
1534,Unichem Laboratories Limited,UNICHEMLAB
1535,Uniphos Enterprises Limited,UNIENTER
1536,Union Bank of India,UNIONBANK
1537,Uniply Industries Limited,UNIPLY
1538,Unitech Limited,UNITECH
1539,United Bank of India,UNITEDBNK
1540,The United Nilgiri Tea Estates Company Limited,UNITEDTEA
1541,Unity Infraprojects Limited,UNITY
1542,Universal Cables Limited,UNIVCABLES
1543,UPL Limited,UPL
1544,Urja Global Limited,URJA
1545,Usha Martin Limited,USHAMART
1546,Uttam Galva Steels Limited,UTTAMSTL
1547,Uttam Sugar Mills Limited,UTTAMSUGAR
1548,Uttam Value Steels Limited,UVSL
1549,V2 Retail Limited,V2RETAIL
1550,Vadilal Industries Limited,VADILALIND
1551,Vaibhav Global Limited,VAIBHAVGBL
1552,Vakrangee Limited,VAKRANGEE
1553,Vardhman Acrylics Limited,VARDHACRLC
1554,Vardhman Polytex Limited,VARDMNPOLY
1555,Varroc Engineering Limited,VARROC
1556,Vascon Engineers Limited,VASCONEQ
1557,Vaswani Industries Limited,VASWANI
1558,Varun Beverages Limited,VBL
1559,Vedanta Limited,VEDL
1560,Venkyâs (India) Limited,VENKEYS
1561,Venus Remedies Limited,VENUSREM
1562,Vesuvius India Limited,VESUVIUS
1563,Veto Switchgears And Cables Limited,VETO
1564,V-Guard Industries Limited,VGUARD
1565,Vardhman Holdings Limited,VHL
1566,Viceroy Hotels Limited,VICEROY
1567,Videocon Industries Limited,VIDEOIND
1568,Vidhi Specialty Food Ingredients Limited,VIDHIING
1569,Viji Finance Limited,VIJIFIN
1570,Vikas EcoTech Limited,VIKASECO
1571,Vikas Multicorp Limited,VIKASMCORP
1572,Vikas Proppant & Granite Limited,VIKASPROP
1573,Vikas WSP Limited,VIKASWSP
1574,Vimal Oil & Foods Limited,VIMALOIL
1575,Vimta Labs Limited,VIMTALABS
1576,Vinati Organics Limited,VINATIORGA
1577,Vindhya Telelinks Limited,VINDHYATEL
1578,Vinyl Chemicals (India) Limited,VINYLINDIA
1579,VIP Clothing Limited,VIPCLOTHNG
1580,VIP Industries Limited,VIPIND
1581,Vipul Limited,VIPULLTD
1582,Visaka Industries Limited,VISAKAIND
1583,Visa Steel Limited,VISASTEEL
1584,Visesh Infotecnics Limited,VISESHINFO
1585,Vishal Fabrics Limited,VISHAL
1586,Vishnu Chemicals Limited,VISHNU
1587,Vishwaraj Sugar Industries Limited,VISHWARAJ
1588,Visagar Polytex Limited,VIVIDHA
1589,Vivimed Labs Limited,VIVIMEDLAB
1590,VLS Finance Limited,VLSFINANCE
1591,V-Mart Retail Limited,VMART
1592,Voltamp Transformers Limited,VOLTAMP
1593,Voltas Limited,VOLTAS
1594,VRL Logistics Limited,VRLLOG
1595,Vardhman Special Steels Limited,VSSL
1596,VST Industries Limited,VSTIND
1597,V.S.T Tillers Tractors Limited,VSTTILLERS
1598,Vardhman Textiles Limited,VTL
1599,VA Tech Wabag Limited,WABAG
1600,WABCO India Limited,WABCOINDIA
1601,Walchandnagar Industries Limited,WALCHANNAG
1602,Wanbury Limited,WANBURY
1603,Waterbase Limited,WATERBASE
1604,Websol Energy System Limited,WEBELSOLAR
1605,Weizmann Forex Limited,WEIZFOREX
1606,Weizmann Limited,WEIZMANIND
1607,Welspun Corp Limited,WELCORP
1608,Welspun Enterprises Limited,WELENT
1609,Welspun Investments and Commercials Limited,WELINV
1610,Welspun India Limited,WELSPUNIND
1611,Wendt (India) Limited,WENDT
1612,Westlife Development Ltd,WESTLIFE
1613,Wheels India Limited,WHEELS
1614,Whirlpool of India Limited,WHIRLPOOL
1615,Williamson Magor & Company Limited,WILLAMAGOR
1616,Windsor Machines Limited,WINDMACHIN
1617,Winsome Yarns Limited,WINSOME
1618,The Western India Plywoods Limited,WIPL
1619,Wipro Limited,WIPRO
1620,Wockhardt Limited,WOCKPHARMA
1621,Wonderla Holidays Limited,WONDERLA
1622,W S Industries (I) Limited,WSI
1623,West Coast Paper Mills Limited,WSTCSTPAPR
1624,Xchanging Solutions Limited,XCHANGING
1625,Xelpmoc Design And Tech Limited,XELPMOC
1626,XL Energy Limited,XLENERGY
1627,Xpro India Limited,XPROINDIA
1628,Yes Bank Limited,YESBANK
1629,Zee Entertainment Enterprises Limited,ZEEL
1630,Zee Learn Limited,ZEELEARN
1631,Zee Media Corporation Limited,ZEEMEDIA
1632,Zenith Birla (India) Limited,ZENITHBIR
1633,Zenith Exports Limited,ZENITHEXPO
1634,Zensar Technologies Limited,ZENSARTECH
1635,Zen Technologies Limited,ZENTEC
1636,Zicom Electronic Security Systems Limited,ZICOM
1637,Zodiac Clothing Company Limited,ZODIACLOTH
1638,Zodiac JRD- MKJ Limited,ZODJRDMKJ
1639,Zota Health Care LImited,ZOTA
1640,Zuari Agro Chemicals Limited,ZUARI
1641,Zuari Global Limited,ZUARIGLOB
1642,Zydus Wellness Limited,ZYDUSWELL
